{
    "Berlin Mitte": "Mitte",
    "Berlin Moabit": "Mitte",
    "Berlin Tiergarten": "Mitte",
    "Berlin Gesundbrunnen": "Mitte",
    "Berlin Wedding": "Mitte",
    "Berlin Kreuzberg": "Friedrichshain Kreuzberg",
    "Berlin Friedrichshain": "Friedrichshain Kreuzberg",
    "Berlin Pankow": "Pankow",
    "Berlin Prenzlauer Berg": "Pankow",
    "Berlin Weißensee": "Pankow",
    "Berlin Neu-Schönhausen": "Pankow",
    "Berlin Blankenburg": "Pankow",
    "Berlin Blankenfelde": "Pankow",
    "Berlin Französisch Buchholz": "Pankow",
    "Berlin Rosenthal": "Pankow",
    "Berlin Niederschönhausen": "Pankow",
    "Berlin Charlottenburg": "Charlottenburg Wilmersdorf",
    "Berlin Charlottenburg-Nord": "Charlottenburg Wilmersdorf",
    "Berlin Wilmersdorf": "Charlottenburg Wilmersdorf",
    "Berlin Schmargendorf": "Charlottenburg Wilmersdorf",
    "Berlin Grunewald": "Charlottenburg Wilmersdorf",
    "Berlin Halensee": "Charlottenburg Wilmersdorf",
    "Berlin Westend": "Charlottenburg Wilmersdorf",
    "Berlin Spandau": "Spandau",
    "Berlin Haselhorst": "Spandau",
    "Berlin Siemensstadt": "Spandau",
    "Berlin Staaken": "Spandau",
    "Berlin Hakenfelde": "Spandau",
    "Berlin Gatow": "Spandau",
    "Berlin Wilhelmstadt": "Spandau",
    "Berlin Steglitz": "Steglitz Zehlendorf",
    "Berlin Lankwitz": "Steglitz Zehlendorf",
    "Berlin Lichterfelde": "Steglitz Zehlendorf",
    "Berlin-Lichterfelde": "Steglitz Zehlendorf",
    "Berlin Dahlem": "Steglitz Zehlendorf",
    "Berlin Nikolassee": "Steglitz Zehlendorf",
    "Berlin Wannsee": "Steglitz Zehlendorf",
    "Berlin Tempelhof": "Tempelhof Schöneberg",
    "Berlin Mariendorf": "Tempelhof Schöneberg",
    "Berlin Marienfelde": "Tempelhof Schöneberg",
    "Berlin Lichtenfelde": "Tempelhof Schöneberg",   
    "Berlin Schöneberg": "Tempelhof Schöneberg",
    "Berlin Friedenau": "Tempelhof Schöneberg",
    "Berlin Neukölln": "Neukölln",
    "Berlin Rudow": "Neukölln",
    "Berlin Buckow": "Neukölln",
    "Berlin Britz": "Neukölln",
    "Berlin Gropiusstadt": "Neukölln",
    "Berlin Baumschulenweg": "Treptow Köpenick",
    "Berlin Alt Treptow": "Treptow Köpenick",
    "Berlin Bohnsdorf": "Treptow Köpenick",
    "Berlin Köpenick": "Treptow Köpenick",
    "Berlin Köpenik": "Treptow Köpenick",
    "Berlin Oberschöneweide": "Treptow Köpenick",
    "Berlin Niederschöneweide": "Treptow Köpenick",
    "Berlin Schmöckwitz": "Treptow Köpenick",
    "Berlin Rahnsdorf": "Treptow Köpenick",
    "Berlin Altglienicke": "Treptow Köpenick",
    "Berlin Marzahn": "Marzahn Hellersdorf",
    "Berlin Hellersdorf": "Marzahn Hellersdorf",
    "Berlin Biesdorf": "Marzahn Hellersdorf",
    "Berlin Kaulsdorf": "Marzahn Hellersdorf",
    "Berlin Mahlsdorf": "Marzahn Hellersdorf",
    "Berlin Lichtenberg": "Lichtenberg",
    "Berlin Friedrichsfelde": "Lichtenberg",
    "Berlin Falkenberg": "Lichtenberg",
    "Berlin Wartenberg": "Lichtenberg",
    "Berlin Alt-Hohenschönhausen": "Lichtenberg",
    "Berlin Neu-Hohenschönhausen": "Lichtenberg",
    "Berlin Rummelsburg": "Lichtenberg",
    "Berlin Reinickendorf": "Reinickendorf",
    "Berlin Tegel": "Reinickendorf",
    "Berlin Hermsdorf": "Reinickendorf",
    "Berlin Wittenau": "Reinickendorf",
    "Berlin Frohnau": "Reinickendorf",
    "Berlin Lübars": "Reinickendorf",
    "Berlin Märkisches Viertel": "Reinickendorf",
    "Berlin Wlhelmstadt": "Reinickendorf",  
    "Berlin Wilhelmsdorf": "Reinickendorf",
    "Berlin Heinelsdorf": "Reinickendorf",  
    "Berlin Adlershof": "Treptow Köpenick",
    "Berlin Friedrichshagen": "Treptow Köpenick"
}
